1,71108,SBRG044F36S,2010-01-01,Disponível,2,2019-01-01,2019-01-01
2,71109,SBRG044F357,2010-01-01,Disponível,2,2019-01-01,2019-01-01
3,71110,SBRG044F34Q,2010-01-01,Disponível,2,2019-01-01,2019-01-01
4,71111,BRG044F3BS,2010-01-01,Disponível,2,2019-01-01,2019-01-01
5,71112,BRG044F387,2010-01-01,Disponível,2,2019-01-01,2019-01-01
6,71113,BRG044F37W,2010-01-01,Disponível,2,2019-01-01,2019-01-01
7,71114,BRG044F311,2010-01-01,Disponível,2,2019-01-01,2019-01-01
8,71115,SBRG044F35Q,2010-01-01,Disponível,2,2019-01-01,2019-01-01
9,71116,BRG044F3BX,2010-01-01,Disponível,2,2019-01-01,2019-01-01
10,71117,BRG044F35H,2010-01-01,Disponível,2,2019-01-01,2019-01-01
11,71118,BRG044F3C8,2010-01-01,Disponível,2,2019-01-01,2019-01-01
12,71119,BRG044F34D,2010-01-01,Disponível,2,2019-01-01,2019-01-01
13,71120,BRG044F371,2010-01-01,Disponível,2,2019-01-01,2019-01-01
14,71121,BRG044F39W,2010-01-01,Disponível,2,2019-01-01,2019-01-01
15,71122,SBRG044F35X,2010-01-01,Disponível,2,2019-01-01,2019-01-01
16,71123,BRG044F37C,2010-01-01,Disponível,2,2019-01-01,2019-01-01
17,71124,SBRG044F38W,2010-01-01,Disponível,2,2019-01-01,2019-01-01
18,71125,SBRG044F34N,2010-01-01,Disponível,2,2019-01-01,2019-01-01
19,71126,BRG044F386,2010-01-01,Disponível,2,2019-01-01,2019-01-01
20,71127,BRG044F38Y,2010-01-01,Disponível,2,2019-01-01,2019-01-01
21,71128,BRG044F39T,2010-01-01,Disponível,2,2019-01-01,2019-01-01
22,71129,SBRG044F374,2010-01-01,Disponível,2,2019-01-01,2019-01-01
23,71130,BRG044F36Z,2010-01-01,Disponível,2,2019-01-01,2019-01-01
24,71131,BRG044F373,2010-01-01,Disponível,2,2019-01-01,2019-01-01
25,71132,BRG044F37R,2010-01-01,Disponível,2,2019-01-01,2019-01-01
26,71133,BRG044F3B2,2010-01-01,Disponível,2,2019-01-01,2019-01-01
27,71134,SBRG044F36N,2010-01-01,Disponível,2,2019-01-01,2019-01-01
28,71135,BRG044F3B8,2010-01-01,Disponível,2,2019-01-01,2019-01-01
29,71136,SBRG044F35K,2010-01-01,Disponível,2,2019-01-01,2019-01-01
30,71137,BRG044F3CB,2010-01-01,Disponível,2,2019-01-01,2019-01-01
31,71138,BRG044F392,2010-01-01,Disponível,2,2019-01-01,2019-01-01
32,71139,BRG044F35L,2010-01-01,Disponível,2,2019-01-01,2019-01-01
33,71140,SBRG044F35D,2010-01-01,Disponível,2,2019-01-01,2019-01-01
34,71141,SBRG044F364,2010-01-01,Disponível,2,2019-01-01,2019-01-01
35,71142,BRG044F383,2010-01-01,Disponível,2,2019-01-01,2019-01-01
36,71143,BRG044F383,2010-01-01,Disponível,2,2019-01-01,2019-01-01
37,71144,SBRG044F38L,2010-01-01,Disponível,2,2019-01-01,2019-01-01
38,71145,SBRG044F34T,2010-01-01,Disponível,2,2019-01-01,2019-01-01
39,71146,BRG044F37Q,2010-01-01,Disponível,2,2019-01-01,2019-01-01
40,71147,BRG044F3CL,2010-01-01,Disponível,2,2019-01-01,2019-01-01
41,71148,SDRG044F35B,2010-01-01,Disponível,2,2019-01-01,2019-01-01
42,71149,BRG044F3B9,2010-01-01,Disponível,2,2019-01-01,2019-01-01
43,71150,SBR044F3BZ,2010-01-01,Disponível,2,2019-01-01,2019-01-01
44,71151,BRG044F36V,2010-01-01,Disponível,2,2019-01-01,2019-01-01
45,71152,BRG044F3C0,2010-01-01,Disponível,2,2019-01-01,2019-01-01
46,71153,BRG044F39L,2010-01-01,Disponível,2,2019-01-01,2019-01-01
47,71154,BRG044F37M,2010-01-01,Disponível,2,2019-01-01,2019-01-01
48,71155,BRG044F38P,2010-01-01,Disponível,2,2019-01-01,2019-01-01
49,71156,BRG044F39K,2010-01-01,Disponível,2,2019-01-01,2019-01-01
50,71157,SBRG044F38C,2010-01-01,Disponível,2,2019-01-01,2019-01-01
51,71158,BRG044F36R,2010-01-01,Disponível,2,2019-01-01,2019-01-01
52,71159,BRG044F37M,2010-01-01,Disponível,2,2019-01-01,2019-01-01
53,71160,BRG044F39P,2010-01-01,Disponível,2,2019-01-01,2019-01-01
54,71161,BRG044F34X,2010-01-01,Disponível,2,2019-01-01,2019-01-01
55,71162,SBRG044F3CP,2010-01-01,Disponível,2,2019-01-01,2019-01-01
56,71163,BRG044F3BR,2010-01-01,Disponível,2,2019-01-01,2019-01-01
57,71164,BRG044F39R,2010-01-01,Disponível,2,2019-01-01,2019-01-01
58,71165,BRG044F38M,2010-01-01,Disponível,2,2019-01-01,2019-01-01
59,71166,SBRG044F3CW,2010-01-01,Disponível,2,2019-01-01,2019-01-01
60,71167,BRG044F354,2010-01-01,Disponível,2,2019-01-01,2019-01-01
61,71168,BRG044F3CJ,2010-01-01,Disponível,2,2019-01-01,2019-01-01
62,71169,BRG044F35F,2010-01-01,Disponível,2,2019-01-01,2019-01-01
63,71170,BRG044F37T,2010-01-01,Disponível,2,2019-01-01,2019-01-01
64,71171,BRG044F34S,2010-01-01,Disponível,2,2019-01-01,2019-01-01
65,71172,BRG044F351,2010-01-01,Disponível,2,2019-01-01,2019-01-01
66,71173,BRG044F3D4,2010-01-01,Disponível,2,2019-01-01,2019-01-01
67,71174,BRG044F38V,2010-01-01,Disponível,2,2019-01-01,2019-01-01
68,71175,BRG044F396,2010-01-01,Disponível,2,2019-01-01,2019-01-01
69,71176,BRG044F35J,2010-01-01,Disponível,2,2019-01-01,2019-01-01
70,71177,BRG044F3CY,2010-01-01,Disponível,2,2019-01-01,2019-01-01
71,71178,BRG044F39Y,2010-01-01,Disponível,2,2019-01-01,2019-01-01
72,71179,BRG044F37D,2010-01-01,Disponível,2,2019-01-01,2019-01-01
73,71180,BRG044F3D1,2010-01-01,Disponível,2,2019-01-01,2019-01-01
74,71181,BRG044F380,2010-01-01,Disponível,2,2019-01-01,2019-01-01
75,71182,BRG044F38Q,2010-01-01,Disponível,2,2019-01-01,2019-01-01
76,71183,BRG044F3BF,2010-01-01,Disponível,2,2019-01-01,2019-01-01
77,71184,BRG044F3D9,2010-01-01,Disponível,2,2019-01-01,2019-01-01
78,71185,BRG044F393,2010-01-01,Disponível,2,2019-01-01,2019-01-01
79,71186,BRG044F359,2010-01-01,Disponível,2,2019-01-01,2019-01-01
80,71187,BRG044F3C2,2010-01-01,Disponível,2,2019-01-01,2019-01-01
81,71188,BRG044F39D,2010-01-01,Disponível,2,2019-01-01,2019-01-01
82,71189,BRG044F38J,2010-01-01,Disponível,2,2019-01-01,2019-01-01
83,71190,BRG044F36M,2010-01-01,Disponível,2,2019-01-01,2019-01-01
84,71191,BRG044F36F,2010-01-01,Disponível,2,2019-01-01,2019-01-01
85,71192,BRG044F37J,2010-01-01,Disponível,2,2019-01-01,2019-01-01
86,71193,BRG044F3BK,2010-01-01,Disponível,2,2019-01-01,2019-01-01
87,71194,SBRG044F35G,2010-01-01,Disponível,2,2019-01-01,2019-01-01
88,71195,BRG044F375,2010-01-01,Disponível,2,2019-01-01,2019-01-01
89,71196,BRG044F39F,2010-01-01,Disponível,2,2019-01-01,2019-01-01
90,71197,BRG044F3BH,2010-01-01,Disponível,2,2019-01-01,2019-01-01
91,71198,BRG044F349,2010-01-01,Disponível,2,2019-01-01,2019-01-01
92,71199,BRG044F376,2010-01-01,Disponível,2,2019-01-01,2019-01-01
93,71200,BRG044F38T,2010-01-01,Disponível,2,2019-01-01,2019-01-01
94,71201,BRG044F398,2010-01-01,Disponível,2,2019-01-01,2019-01-01
95,71202,BRG044F39H,2010-01-01,Disponível,2,2019-01-01,2019-01-01
96,71203,BRG044F3BY,2010-01-01,Disponível,2,2019-01-01,2019-01-01
97,71204,BRG044F34J,2010-01-01,Disponível,2,2019-01-01,2019-01-01
98,71205,BRG044F365,2010-01-01,Disponível,2,2019-01-01,2019-01-01
99,71206,BRG044F35N,2010-01-01,Disponível,2,2019-01-01,2019-01-01
100,71207,SBRG044F34B,2010-01-01,Disponível,2,2019-01-01,2019-01-01
101,71208,BRG044F35T,2010-01-01,Disponível,2,2019-01-01,2019-01-01
102,71209,BRG044F3CG,2010-01-01,Disponível,2,2019-01-01,2019-01-01
103,71210,BRG044F38H,2010-01-01,Disponível,2,2019-01-01,2019-01-01
104,71211,BRG044F3CK,2010-01-01,Disponível,2,2019-01-01,2019-01-01
105,71212,BRG044F384,2010-01-01,Disponível,2,2019-01-01,2019-01-01
106,71213,BRG044F3BN,2010-01-01,Disponível,2,2019-01-01,2019-01-01
107,71214,BRG044F3BT,2010-01-01,Disponível,2,2019-01-01,2019-01-01
108,71215,BRG044F355,2010-01-01,Disponível,2,2019-01-01,2019-01-01
109,71216,BRG044F30X,2010-01-01,Disponível,2,2019-01-01,2019-01-01
110,71217,BRG044F37F,2010-01-01,Disponível,2,2019-01-01,2019-01-01
111,71218,BRG044F35C,2010-01-01,Disponível,2,2019-01-01,2019-01-01
112,71219,BRG044F3C4,2010-01-01,Disponível,2,2019-01-01,2019-01-01
113,71220,BRG044F3B0,2010-01-01,Disponível,2,2019-01-01,2019-01-01
114,71221,BRG044F360,2010-01-01,Disponível,2,2019-01-01,2019-01-01
115,71222,BRG044F35Z,2010-01-01,Disponível,2,2019-01-01,2019-01-01
116,71223,SBRG044F37Z,2010-01-01,Disponível,2,2019-01-01,2019-01-01
117,71224,BRG044F3CC,2010-01-01,Disponível,2,2019-01-01,2019-01-01
118,71225,BRG044F36K,2010-01-01,Disponível,2,2019-01-01,2019-01-01
119,71226,BRG044F385,2010-01-01,Disponível,2,2019-01-01,2019-01-01
120,71227,BRG044F378,2010-01-01,Disponível,2,2019-01-01,2019-01-01
121,71228,BRG044F35W,2010-01-01,Disponível,2,2019-01-01,2019-01-01
122,71229,BRG044F3CV,2010-01-01,Disponível,2,2019-01-01,2019-01-01
123,71230,BRG044F3D6,2010-01-01,Disponível,2,2019-01-01,2019-01-01
124,71231,BRG044F3CS,2010-01-01,Disponível,2,2019-01-01,2019-01-01
125,71232,BRG044F37K,2010-01-01,Disponível,2,2019-01-01,2019-01-01
126,71233,BRG044F35M,2010-01-01,Disponível,2,2019-01-01,2019-01-01
127,71234,BRG044F3B3,2010-01-01,Disponível,2,2019-01-01,2019-01-01
128,71235,BRG044F37B,2010-01-01,Disponível,2,2019-01-01,2019-01-01
129,71236,BRG044F3D7,2010-01-01,Disponível,2,2019-01-01,2019-01-01
130,71237,BRG044F3BB,2010-01-01,Disponível,2,2019-01-01,2019-01-01
131,71238,BRG044F388,2010-01-01,Disponível,2,2019-01-01,2019-01-01
132,71239,BRG044F34Z,2010-01-01,Disponível,2,2019-01-01,2019-01-01
133,71240,BRG044F391,2010-01-01,Disponível,2,2019-01-01,2019-01-01
134,71241,BRG044F3CX,2010-01-01,Disponível,2,2019-01-01,2019-01-01
135,71242,BRG044F377,2010-01-01,Disponível,2,2019-01-01,2019-01-01
136,71243,BRG044F379,2010-01-01,Disponível,2,2019-01-01,2019-01-01
137,71244,BRG044F3BQ,2010-01-01,Disponível,2,2019-01-01,2019-01-01
138,71245,BRG044F35P,2010-01-01,Disponível,2,2019-01-01,2019-01-01
139,71246,BRG044F39C,2010-01-01,Disponível,2,2019-01-01,2019-01-01
140,71247,BRG044F34H,2010-01-01,Disponível,2,2019-01-01,2019-01-01
141,71248,BRG044F367,2010-01-01,Disponível,2,2019-01-01,2019-01-01
142,71249,BRG044F395,2010-01-01,Disponível,2,2019-01-01,2019-01-01
143,71250,BRG044F369,2010-01-01,Disponível,2,2019-01-01,2019-01-01
144,71251,BRG044F3C3,2010-01-01,Disponível,2,2019-01-01,2019-01-01
145,71252,BRG044F35V,2010-01-01,Disponível,2,2019-01-01,2019-01-01
146,71253,BRG044F3BL,2010-01-01,Disponível,2,2019-01-01,2019-01-01
147,71254,BRG044F370,2010-01-01,Disponível,2,2019-01-01,2019-01-01
148,71255,BRG044F37H,2010-01-01,Disponível,2,2019-01-01,2019-01-01
149,71256,BRG044F36G,2010-01-01,Disponível,2,2019-01-01,2019-01-01
150,71257,BRG044F39G,2010-01-01,Disponível,2,2019-01-01,2019-01-01
151,71258,BRG044F382,2010-01-01,Disponível,2,2019-01-01,2019-01-01
152,71259,BRG044F348,2010-01-01,Disponível,2,2019-01-01,2019-01-01
153,71260,SBRG044F356,2010-01-01,Disponível,2,2019-01-01,2019-01-01
154,71261,BRG044F3CT,2010-01-01,Disponível,2,2019-01-01,2019-01-01
155,71262,BRG044F38R,2010-01-01,Disponível,2,2019-01-01,2019-01-01
156,71263,BRG044F36Y,2010-01-01,Disponível,2,2019-01-01,2019-01-01
157,71264,BRG044F352,2010-01-01,Disponível,2,2019-01-01,2019-01-01
158,71265,BRG044F34V,2010-01-01,Disponível,2,2019-01-01,2019-01-01
159,71266,BRG044F36J,2010-01-01,Disponível,2,2019-01-01,2019-01-01
160,71267,BRG044F34G,2010-01-01,Disponível,2,2019-01-01,2019-01-01
161,71268,BRG044F3C5,2010-01-01,Disponível,2,2019-01-01,2019-01-01
162,71269,BRG044F36L,2010-01-01,Disponível,2,2019-01-01,2019-01-01
163,71270,BRG044F38G,2010-01-01,Disponível,2,2019-01-01,2019-01-01
164,71271,BRG044F3CH,2010-01-01,Disponível,2,2019-01-01,2019-01-01
165,71272,BRG044F3BV,2010-01-01,Disponível,2,2019-01-01,2019-01-01
166,71273,BRG044F38Z,2010-01-01,Disponível,2,2019-01-01,2019-01-01
167,71274,BRG044F37G,2010-01-01,Disponível,2,2019-01-01,2019-01-01
168,71275,SBRG044F36V,2010-01-01,Disponível,2,2019-01-01,2019-01-01
169,71276,SBRG044F35R,2010-01-01,Disponível,2,2019-01-01,2019-01-01
170,71277,BRG044F34K,2010-01-01,Disponível,2,2019-01-01,2019-01-01
171,71278,BRG044F3CN,2010-01-01,Disponível,2,2019-01-01,2019-01-01
172,71279,BRG044F3CZ,2010-01-01,Disponível,2,2019-01-01,2019-01-01
173,71280,BRG044F3B5,2010-01-01,Disponível,2,2019-01-01,2019-01-01
174,71281,BRG044F34F,2010-01-01,Disponível,2,2019-01-01,2019-01-01
175,71282,BRG044F3BM,2010-01-01,Disponível,2,2019-01-01,2019-01-01
176,71283,BRG044F3D8,2010-01-01,Disponível,2,2019-01-01,2019-01-01
177,71284,BRG044F36B,2010-01-01,Disponível,2,2019-01-01,2019-01-01
178,71285,BRG044F35S,2010-01-01,Disponível,2,2019-01-01,2019-01-01
179,71286,BRG044F3D0,2010-01-01,Disponível,2,2019-01-01,2019-01-01
180,71287,BRG044F36T,2010-01-01,Disponível,2,2019-01-01,2019-01-01
181,71288,BRG044F39C,2010-01-01,Disponível,2,2019-01-01,2019-01-01
182,71289,BRG044F389,2010-01-01,Disponível,2,2019-01-01,2019-01-01
183,71290,BRG044F3D5,2010-01-01,Disponível,2,2019-01-01,2019-01-01
184,71291,BRG044F38B,2010-01-01,Disponível,2,2019-01-01,2019-01-01
185,71292,BRG044F3CM,2010-01-01,Disponível,2,2019-01-01,2019-01-01
186,71293,BRG044F3BG,2010-01-01,Disponível,2,2019-01-01,2019-01-01
187,71294,BRG044F368,2010-01-01,Disponível,2,2019-01-01,2019-01-01
188,71295,BRG044F3B7,2010-01-01,Disponível,2,2019-01-01,2019-01-01
189,71296,BRG044F3BC,2010-01-01,Disponível,2,2019-01-01,2019-01-01
190,71297,BRG044F37X,2010-01-01,Disponível,2,2019-01-01,2019-01-01
191,71298,BRG044F366,2010-01-01,Disponível,2,2019-01-01,2019-01-01
192,71299,BRG044F39X,2010-01-01,Disponível,2,2019-01-01,2019-01-01
193,71300,BRG044F31K,2010-01-01,Disponível,2,2019-01-01,2019-01-01
194,71301,BRG044F397,2010-01-01,Disponível,2,2019-01-01,2019-01-01
195,71302,BRG044F36X,2010-01-01,Disponível,2,2019-01-01,2019-01-01
196,71303,BRG044F36W,2010-01-01,Disponível,2,2019-01-01,2019-01-01
197,71304,BRG044F39Z,2010-01-01,Disponível,2,2019-01-01,2019-01-01
198,71305,BRG044F3CF,2010-01-01,Disponível,2,2019-01-01,2019-01-01
199,71306,SBRG044F30W,2010-01-01,Disponível,2,2019-01-01,2019-01-01
200,71307,BRG044F38D,2010-01-01,Disponível,2,2019-01-01,2019-01-01
201,71308,BRG044F3BJ,2010-01-01,Disponível,2,2019-01-01,2019-01-01
202,71309,BRG044F34W,2010-01-01,Disponível,2,2019-01-01,2019-01-01
203,71310,BRG044F35Y,2010-01-01,Disponível,2,2019-01-01,2019-01-01
204,71311,BRG044F34L,2010-01-01,Disponível,2,2019-01-01,2019-01-01
205,71312,BRG044F394,2010-01-01,Disponível,2,2019-01-01,2019-01-01
206,71313,BRG044F39Q,2010-01-01,Disponível,2,2019-01-01,2019-01-01
207,71314,BRG044F353,2010-01-01,Disponível,2,2019-01-01,2019-01-01
208,71315,BRG044F39M,2010-01-01,Disponível,2,2019-01-01,2019-01-01
209,71316,BRG044F3CR,2010-01-01,Disponível,2,2019-01-01,2019-01-01
210,71317,SBRG044F37V,2010-01-01,Disponível,2,2019-01-01,2019-01-01
211,71318,BRG044F3BD,2010-01-01,Disponível,2,2019-01-01,2019-01-01
212,71319,BRG044F3BW,2010-01-01,Disponível,2,2019-01-01,2019-01-01
213,71320,BRG044F38S,2010-01-01,Disponível,2,2019-01-01,2019-01-01
214,71321,BRG044F36C,2010-01-01,Disponível,2,2019-01-01,2019-01-01
215,71322,BRG044F3D3,2010-01-01,Disponível,2,2019-01-01,2019-01-01
216,71323,BRG044F3C6,2010-01-01,Disponível,2,2019-01-01,2019-01-01
217,71324,BRG044F360,2010-01-01,Disponível,2,2019-01-01,2019-01-01
218,71325,BRG044F3B6,2010-01-01,Disponível,2,2019-01-01,2019-01-01
219,71326,BRG044F363,2010-01-01,Disponível,2,2019-01-01,2019-01-01
220,71327,BRG044F3C9,2010-01-01,Disponível,2,2019-01-01,2019-01-01
221,71328,BRG044F3C7,2010-01-01,Disponível,2,2019-01-01,2019-01-01
222,71329,BRG044F34P,2010-01-01,Disponível,2,2019-01-01,2019-01-01
223,71330,BRG044F3C1,2010-01-01,Disponível,2,2019-01-01,2019-01-01
224,71331,BRG044F381,2010-01-01,Disponível,2,2019-01-01,2019-01-01
225,71332,BRG044F38N,2010-01-01,Disponível,2,2019-01-01,2019-01-01
226,71333,BRG044F34R,2010-01-01,Disponível,2,2019-01-01,2019-01-01
227,71334,BRG044F34C,2010-01-01,Disponível,2,2019-01-01,2019-01-01
228,71335,BRG044F3BP,2010-01-01,Disponível,2,2019-01-01,2019-01-01
229,71336,BRG044F3CQ,2010-01-01,Disponível,2,2019-01-01,2019-01-01
230,71337,BRG044F38K,2010-01-01,Disponível,2,2019-01-01,2019-01-01
231,71338,BRG044F37N,2010-01-01,Disponível,2,2019-01-01,2019-01-01
232,71339,BRG044F3D2,2010-01-01,Disponível,2,2019-01-01,2019-01-01
233,71340,BRG044F34Y,2010-01-01,Disponível,2,2019-01-01,2019-01-01
234,71341,BRG044F36P,2010-01-01,Disponível,2,2019-01-01,2019-01-01
235,71342,BRG044F390,2010-01-01,Disponível,2,2019-01-01,2019-01-01
236,71343,BRG044F350,2010-01-01,Disponível,2,2019-01-01,2019-01-01
237,71344,BRG044F39S,2010-01-01,Disponível,2,2019-01-01,2019-01-01
238,71345,BRG044F38F,2010-01-01,Disponível,2,2019-01-01,2019-01-01
239,71346,BRG044F399,2010-01-01,Disponível,2,2019-01-01,2019-01-01
240,71347,BRG044F358,2010-01-01,Disponível,2,2019-01-01,2019-01-01
241,71348,BRG044F394,2010-01-01,Disponível,2,2019-01-01,2019-01-01
242,71349,BRG044F3B1,2010-01-01,Disponível,2,2019-01-01,2019-01-01
243,71350,BRG044F37S,2010-01-01,Disponível,2,2019-01-01,2019-01-01
244,71351,BRG044F36D,2010-01-01,Disponível,2,2019-01-01,2019-01-01
245,71352,BRG044F372,2010-01-01,Disponível,2,2019-01-01,2019-01-01
246,71353,BRG044F39J,2010-01-01,Disponível,2,2019-01-01,2019-01-01
247,71354,BRG044F36H,2010-01-01,Disponível,2,2019-01-01,2019-01-01
248,71355,BRG044F362,2010-01-01,Disponível,2,2019-01-01,2019-01-01
249,71356,BRG044F3B4,2010-01-01,Disponível,2,2019-01-01,2019-01-01
250,71357,BRG044F361,2010-01-01,Disponível,2,2019-01-01,2019-01-01
251,87334,BRG204F7XS,2012-01-01,Disponível,3,2019-01-01,2019-01-01
252,87335,BRG204F7RZ,2012-01-01,Disponível,3,2019-01-01,2019-01-01
253,87336,BRQ204F72J,2012-01-01,Disponível,3,2019-01-01,2019-01-01
254,87337,BRG204F81Q,2012-01-01,Disponível,3,2019-01-01,2019-01-01
255,87338,BRG204F7ZF,2012-01-01,Disponível,3,2019-01-01,2019-01-01
256,87339,BRG204F7RB,2012-01-01,Disponível,3,2019-01-01,2019-01-01
257,87340,BRG204F7XG,2012-01-01,Disponível,3,2019-01-01,2019-01-01
258,87341,BRG204F7TC,2012-01-01,Disponível,3,2019-01-01,2019-01-01
259,87342,BRG204F802,2012-01-01,Disponível,3,2019-01-01,2019-01-01
260,87343,BRG204F7S0,2012-01-01,Disponível,3,2019-01-01,2019-01-01
261,87344,BRG204F7ST,2012-01-01,Disponível,3,2019-01-01,2019-01-01
262,87345,BRG204F7RY,2012-01-01,Disponível,3,2019-01-01,2019-01-01
263,87346,BRG204F7XP,2012-01-01,Disponível,3,2019-01-01,2019-01-01
264,87347,BRG204F7ZK,2012-01-01,Disponível,3,2019-01-01,2019-01-01
265,87348,BRG204F7Z3,2012-01-01,Disponível,3,2019-01-01,2019-01-01
266,87349,BRG204F7RN,2012-01-01,Disponível,3,2019-01-01,2019-01-01
267,87350,BRG204F783,2012-01-01,Disponível,3,2019-01-01,2019-01-01
268,87351,BRG204F7YQ,2012-01-01,Disponível,3,2019-01-01,2019-01-01
269,87352,BRG204F7Y7,2012-01-01,Disponível,3,2019-01-01,2019-01-01
270,87353,BRG204F7QW,2012-01-01,Disponível,3,2019-01-01,2019-01-01
271,87354,BRG204F7S1,2012-01-01,Disponível,3,2019-01-01,2019-01-01
272,87355,BRG204F82X,2012-01-01,Disponível,3,2019-01-01,2019-01-01
273,87356,BRG204F818,2012-01-01,Disponível,3,2019-01-01,2019-01-01
274,87357,BRG204F7YW,2012-01-01,Disponível,3,2019-01-01,2019-01-01
275,87358,BRG204F7TP,2012-01-01,Disponível,3,2019-01-01,2019-01-01
276,87359,BRG204F7RP,2012-01-01,Disponível,3,2019-01-01,2019-01-01
277,87360,BRG204FTXY,2012-01-01,Disponível,3,2019-01-01,2019-01-01
278,87361,BRG204F7QH,2012-01-01,Disponível,3,2019-01-01,2019-01-01
279,87362,BRQ204F7Y6,2012-01-01,Disponível,3,2019-01-01,2019-01-01
280,87363,BRG204F7YF,2012-01-01,Disponível,3,2019-01-01,2019-01-01
281,87364,BRG204F7YT,2012-01-01,Disponível,3,2019-01-01,2019-01-01
282,87365,BRG204F7Y9,2012-01-01,Disponível,3,2019-01-01,2019-01-01
283,87366,BRG204F7VH,2012-01-01,Disponível,3,2019-01-01,2019-01-01
284,87367,BRG204F7XH,2012-01-01,Disponível,3,2019-01-01,2019-01-01
285,87368,BRG204F7Z9,2012-01-01,Disponível,3,2019-01-01,2019-01-01
286,87369,BRG204F7VV,2012-01-01,Disponível,3,2019-01-01,2019-01-01
287,87370,BRG204F7Y2,2012-01-01,Disponível,3,2019-01-01,2019-01-01
288,87371,BRG204F7QZ,2012-01-01,Disponível,3,2019-01-01,2019-01-01
289,87372,BRG204F7SB,2012-01-01,Disponível,3,2019-01-01,2019-01-01
290,87373,BRG204F7XW,2012-01-01,Disponível,3,2019-01-01,2019-01-01
291,87374,BRG204F7S8,2012-01-01,Disponível,3,2019-01-01,2019-01-01
292,87375,BRG204F7Y5,2012-01-01,Disponível,3,2019-01-01,2019-01-01
293,87376,BRG204F7YK,2012-01-01,Disponível,3,2019-01-01,2019-01-01
294,87377,BRG204F7RT,2012-01-01,Disponível,3,2019-01-01,2019-01-01
295,87378,BRG204F7QK,2012-01-01,Disponível,3,2019-01-01,2019-01-01
296,87379,BRG204F7XV,2012-01-01,Disponível,3,2019-01-01,2019-01-01
297,87380,BRG204F7WY,2012-01-01,Disponível,3,2019-01-01,2019-01-01
298,87381,BRG204F7QG,2012-01-01,Disponível,3,2019-01-01,2019-01-01
299,87382,BRG204F7Y4,2012-01-01,Disponível,3,2019-01-01,2019-01-01
300,87383,BRG204F7YM,2012-01-01,Disponível,3,2019-01-01,2019-01-01
301,95237,BRG301F03J,2013-01-01,Disponível,1,2019-01-01,2019-01-01
302,95238,BRG301F05G,2013-01-01,Disponível,1,2019-01-01,2019-01-01
303,95239,BRG301F04S,2013-01-01,Disponível,1,2019-01-01,2019-01-01
304,95240,BRG301F025,2013-01-01,Disponível,1,2019-01-01,2019-01-01
305,95241,BRG301F02P,2013-01-01,Disponível,1,2019-01-01,2019-01-01
306,95242,BRG301F010,2013-01-01,Disponível,1,2019-01-01,2019-01-01
307,95243,BRG301F01G,2013-01-01,Disponível,1,2019-01-01,2019-01-01
308,95244,BRG301F035,2013-01-01,Disponível,1,2019-01-01,2019-01-01
309,95245,BRG301F029,2013-01-01,Disponível,1,2019-01-01,2019-01-01
310,95246,BRG301F021,2013-01-01,Disponível,1,2019-01-01,2019-01-01
311,95247,BRG301F020,2013-01-01,Disponível,1,2019-01-01,2019-01-01
312,95248,BRG301F050,2013-01-01,Disponível,1,2019-01-01,2019-01-01
313,95249,BRG301F023,2013-01-01,Disponível,1,2019-01-01,2019-01-01
314,95250,BRG301F03W,2013-01-01,Disponível,1,2019-01-01,2019-01-01
315,95251,BRG301F03X,2013-01-01,Disponível,1,2019-01-01,2019-01-01
316,95252,BRG252F04Z,2013-01-01,Disponível,1,2019-01-01,2019-01-01
317,95253,BRG301F04N,2013-01-01,Disponível,1,2019-01-01,2019-01-01
318,95254,BRG301F04R,2013-01-01,Disponível,1,2019-01-01,2019-01-01
319,95255,BRG301F04F,2013-01-01,Disponível,1,2019-01-01,2019-01-01
320,95256,BRG301F01L,2013-01-01,Disponível,1,2019-01-01,2019-01-01
321,95257,BRG301F04Y,2013-01-01,Disponível,1,2019-01-01,2019-01-01
322,95258,BRG301F03R,2013-01-01,Disponível,1,2019-01-01,2019-01-01
323,95259,BRG301F04G,2013-01-01,Disponível,1,2019-01-01,2019-01-01
324,95260,BRG301F00X,2013-01-01,Disponível,1,2019-01-01,2019-01-01
325,95261,BRG301F013,2013-01-01,Disponível,1,2019-01-01,2019-01-01
326,95262,BRG301F027,2013-01-01,Disponível,1,2019-01-01,2019-01-01
327,95263,BRG301F037,2013-01-01,Disponível,1,2019-01-01,2019-01-01
328,95264,BRG301F05N,2013-01-01,Disponível,1,2019-01-01,2019-01-01
329,95265,BRG301F024,2013-01-01,Disponível,1,2019-01-01,2019-01-01
330,95266,BRG301F02H,2013-01-01,Disponível,1,2019-01-01,2019-01-01
331,95267,BRG301F03Q,2013-01-01,Disponível,1,2019-01-01,2019-01-01
332,95268,BRG301F03G,2013-01-01,Disponível,1,2019-01-01,2019-01-01
333,95269,BRG301F01R,2013-01-01,Disponível,1,2019-01-01,2019-01-01
334,95270,BRG301F05J,2013-01-01,Disponível,1,2019-01-01,2019-01-01
335,95271,BRG301F043,2013-01-01,Disponível,1,2019-01-01,2019-01-01
336,95272,BRG301F03Y,2013-01-01,Disponível,1,2019-01-01,2019-01-01
337,95273,BRG301F03N,2013-01-01,Disponível,1,2019-01-01,2019-01-01
338,95274,BRG301F02Z,2013-01-01,Disponível,1,2019-01-01,2019-01-01
339,95275,BRG301F00Z,2013-01-01,Disponível,1,2019-01-01,2019-01-01
340,95276,BRG252F057,2013-01-01,Disponível,1,2019-01-01,2019-01-01
341,95277,BRG301F02X,2013-01-01,Disponível,1,2019-01-01,2019-01-01
342,95278,BRG301F01F,2013-01-01,Disponível,1,2019-01-01,2019-01-01
343,95279,BRG301F049,2013-01-01,Disponível,1,2019-01-01,2019-01-01
344,95280,BRG301F03H,2013-01-01,Disponível,1,2019-01-01,2019-01-01
345,95281,BRG301F01W,2013-01-01,Disponível,1,2019-01-01,2019-01-01
346,95282,BRG301F04L,2013-01-01,Disponível,1,2019-01-01,2019-01-01
347,95283,BRG301F01P,2013-01-01,Disponível,1,2019-01-01,2019-01-01
348,95284,BRG301F05C,2013-01-01,Disponível,1,2019-01-01,2019-01-01
349,95285,BRG301F04Z,2013-01-01,Disponível,1,2019-01-01,2019-01-01
350,95286,BRG301F055,2013-01-01,Disponível,1,2019-01-01,2019-01-01
351,95287,BRG301F034,2013-01-01,Disponível,1,2019-01-01,2019-01-01
352,95288,BRG301F04V,2013-01-01,Disponível,1,2019-01-01,2019-01-01
353,95289,BRG301F01K,2013-01-01,Disponível,1,2019-01-01,2019-01-01
354,95290,BRG301F01D,2013-01-01,Disponível,1,2019-01-01,2019-01-01
355,95291,BRG301F01T,2013-01-01,Disponível,1,2019-01-01,2019-01-01
356,95292,BRG301F039,2013-01-01,Disponível,1,2019-01-01,2019-01-01
357,107376,BRG339F1JQ,2015-01-01,Disponível,4,2019-01-01,2019-01-01
