358,CEN 105272,1A883XJ2D,2010-01-01,Disponível,5,2019-01-01,2019-01-01
359,CEN 105273,1A883XT7W ,2010-01-01,Disponível,5,2019-01-01,2019-01-01
360,CEN 105277,1A889KB3T,2010-01-01,Disponível,5,2019-01-01,2019-01-01
361,CEN 105282,1A889LD5G,2010-01-01,Disponível,5,2019-01-01,2019-01-01
362,CEN 105302,1A891HF30,2010-01-01,Disponível,5,2019-01-01,2019-01-01
363,CEN 105308,1A889KX9H,2010-01-01,Disponível,5,2019-01-01,2019-01-01
364,CEN 105313,1A889K25C,2010-01-01,Disponível,5,2019-01-01,2019-01-01
365,CEN 105330,1A889L136,2010-01-01,Disponível,5,2019-01-01,2019-01-01
366,CEN 105332,1A889KP8O,2010-01-01,Disponível,5,2019-01-01,2019-01-01
367,CEN 105338,1A889BB8R,2010-01-01,Disponível,5,2019-01-01,2019-01-01
368,CEN 105347,1A889KK9E,2010-01-01,Disponível,5,2019-01-01,2019-01-01
369,CEN 105359,1A889C32G,2010-01-01,Disponível,5,2019-01-01,2019-01-01
370,CEN 105443,1A883T04A,2010-01-01,Disponível,5,2019-01-01,2019-01-01
371,CEN 105507,1A883S65Q,2010-01-01,Disponível,5,2019-01-01,2019-01-01
372,CEN 105542,1A889KM2L,2010-01-01,Disponível,5,2019-01-01,2019-01-01
373,CEN 105552,1A883T314,2010-01-01,Disponível,5,2019-01-01,2019-01-01
374,CEN 105589,1A883Y81I,2010-01-01,Disponível,5,2019-01-01,2019-01-01
375,CEN 105382,1A889K977,2010-01-01,Disponível,5,2019-01-01,2019-01-01
376,CEN 105369,1A889K16E,2010-01-01,Disponível,5,2019-01-01,2019-01-01
377,CEN 105373,1A889C48D,2010-01-01,Disponível,5,2019-01-01,2019-01-01
378,CEN 105375,1A889CB7T,2010-01-01,Disponível,5,2019-01-01,2019-01-01
379,CEN 105384,1A889K09Q,2010-01-01,Disponível,5,2019-01-01,2019-01-01
380,CEN 105392,1A889KG38,2010-01-01,Disponível,5,2019-01-01,2019-01-01
381,CEN 105406,1A889L224,2010-01-01,Disponível,5,2019-01-01,2019-01-01
382,CEN 105414,1A8840060,2010-01-01,Disponível,5,2019-01-01,2019-01-01
383,CEN 105423,1A883Y764,2010-01-01,Disponível,5,2019-01-01,2019-01-01
384,CEN 105424,1A883WW98,2010-01-01,Disponível,5,2019-01-01,2019-01-01
385,CEN 105425,1A883X145,2010-01-01,Disponível,5,2019-01-01,2019-01-01
386,CEN 105436,1A883SQ49,2010-01-01,Disponível,5,2019-01-01,2019-01-01
387,CEN 105440,1A883ST3D,2010-01-01,Disponível,5,2019-01-01,2019-01-01
388,CEN 105461,1A883S18Q,2010-01-01,Disponível,5,2019-01-01,2019-01-01
389,CEN 105469,1A883SC2T,2010-01-01,Disponível,5,2019-01-01,2019-01-01
390,CEN 105481,1A883T33E,2010-01-01,Disponível,5,2019-01-01,2019-01-01
391,CEN 105499,1A883T81J,2010-01-01,Disponível,5,2019-01-01,2019-01-01
392,CEN 105505,1A883SX1F,2010-01-01,Disponível,5,2019-01-01,2019-01-01
393,CEN 105510,1A883RZ5Y,2010-01-01,Disponível,5,2019-01-01,2019-01-01
394,CEN 105516,1A883S79D,2010-01-01,Disponível,5,2019-01-01,2019-01-01
395,CEN 105525,1A883T89N,2010-01-01,Disponível,5,2019-01-01,2019-01-01
396,CEN 105531,1A883S16G,2010-01-01,Disponível,5,2019-01-01,2019-01-01
397,CEN 105537,1A883SW07,2010-01-01,Disponível,5,2019-01-01,2019-01-01
398,CEN 105545,1A889K423,2010-01-01,Disponível,5,2019-01-01,2019-01-01
399,CEN 105554,1A883SX4U,2010-01-01,Disponível,5,2019-01-01,2019-01-01
400,CEN 105562,1A889KB7D,2010-01-01,Disponível,5,2019-01-01,2019-01-01
401,CEN 105577,1A889LG15,2010-01-01,Disponível,5,2019-01-01,2019-01-01
402,CEN 105580,1A883X424,2010-01-01,Disponível,5,2019-01-01,2019-01-01
403,CEN 105587,1A883XG7T,2010-01-01,Disponível,5,2019-01-01,2019-01-01
404,CEN 105594,1A883S719,2010-01-01,Disponível,5,2019-01-01,2019-01-01
405,CEN 105605,1A883Y99P,2010-01-01,Disponível,5,2019-01-01,2019-01-01
406,CEN 105361,1A889BG86,2010-01-01,Disponível,5,2019-01-01,2019-01-01
407,CEN 105364,1A889L15G,2010-01-01,Disponível,5,2019-01-01,2019-01-01
408,CEN 105403,1A889LB2V,2010-01-01,Disponível,5,2019-01-01,2019-01-01
409,CEN 105419,1A884005V,2010-01-01,Disponível,5,2019-01-01,2019-01-01
410,CEN 105430,1A883WW4J,2010-01-01,Disponível,5,2019-01-01,2019-01-01
411,CEN 105435,1A883SB7F,2010-01-01,Disponível,5,2019-01-01,2019-01-01
412,CEN 105437,1A883SK5W,2010-01-01,Disponível,5,2019-01-01,2019-01-01
413,CEN 105446,1A883SZ3V,2010-01-01,Disponível,5,2019-01-01,2019-01-01
414,CEN 105449,1A883S95Z,2010-01-01,Disponível,5,2019-01-01,2019-01-01
415,CEN 105479,1A883S19V,2010-01-01,Disponível,5,2019-01-01,2019-01-01
416,CEN 105515,1A883SS4F,2010-01-01,Disponível,5,2019-01-01,2019-01-01
417,CEN 105522,1A883T97G,2010-01-01,Disponível,5,2019-01-01,2019-01-01
418,CEN 105528,1A883T90H,2010-01-01,Disponível,5,2019-01-01,2019-01-01
419,CEN 105553,1A883S63G,2010-01-01,Disponível,5,2019-01-01,2019-01-01
420,CEN 105569,1A889K53B,2010-01-01,Disponível,5,2019-01-01,2019-01-01
421,CEN 105579,1A889KQ1S,2010-01-01,Disponível,5,2019-01-01,2019-01-01
422,CEN 105593,1A883T25L,2010-01-01,Disponível,5,2019-01-01,2019-01-01
423,CEN 105270,1A883SV4O,2010-01-01,Disponível,5,2019-01-01,2019-01-01
424,CEN 105275,1A889KP3Z,2010-01-01,Disponível,5,2019-01-01,2019-01-01
425,CEN 105280,1A889LH6X,2010-01-01,Disponível,5,2019-01-01,2019-01-01
426,CEN 105289,1A889K805,2010-01-01,Disponível,5,2019-01-01,2019-01-01
427,CEN 105296,1A891G632,2010-01-01,Disponível,5,2019-01-01,2019-01-01
428,CEN 105298,1A889G544,2010-01-01,Disponível,5,2019-01-01,2019-01-01
429,CEN 105299,1A891HG33,2010-01-01,Disponível,5,2019-01-01,2019-01-01
430,CEN 105307,1A889L121 ,2010-01-01,Disponível,5,2019-01-01,2019-01-01
431,CEN 105311,1A889K38U,2010-01-01,Disponível,5,2019-01-01,2019-01-01
432,CEN 105328,1A889KD9T,2010-01-01,Disponível,5,2019-01-01,2019-01-01
433,CEN 105329,1A889L64Q,2010-01-01,Disponível,5,2019-01-01,2019-01-01
434,CEN 105333,1A889L46U,2010-01-01,Disponível,5,2019-01-01,2019-01-01
435,CEN 105336,1A889BB5C,2010-01-01,Disponível,5,2019-01-01,2019-01-01
436,CEN 105344,1A889L05D,2010-01-01,Disponível,5,2019-01-01,2019-01-01
437,CEN 105349,1A889KW4P,2010-01-01,Disponível,5,2019-01-01,2019-01-01
438,CEN 105350,1A889LC6I,2010-01-01,Disponível,5,2019-01-01,2019-01-01
439,CEN 105352,1A889C29C,2010-01-01,Disponível,5,2019-01-01,2019-01-01
440,CEN 105353,1A889BQ11,2010-01-01,Disponível,5,2019-01-01,2019-01-01
441,CEN 105355,1A889BP23,2010-01-01,Disponível,5,2019-01-01,2019-01-01
442,CEN 105358,1A889BN5C,2010-01-01,Disponível,5,2019-01-01,2019-01-01
443,CEN 105573,1A889L71E,2010-01-01,Disponível,5,2019-01-01,2019-01-01
444,CEN 105612,1A883X48Y,2010-01-01,Disponível,5,2019-01-01,2019-01-01
445,CEN 105387,1A889LD8V,2010-01-01,Disponível,5,2019-01-01,2019-01-01
446,CEN 105292,1A889L01T,2010-01-01,Disponível,5,2019-01-01,2019-01-01
447,CEN 105294,1A889KG92,2010-01-01,Disponível,5,2019-01-01,2019-01-01
448,CEN 105377,1A889C16U,2010-01-01,Disponível,5,2019-01-01,2019-01-01
449,CEN 105378,1A889BL1M,2010-01-01,Disponível,5,2019-01-01,2019-01-01
450,CEN 105399,1A889KD7J,2010-01-01,Disponível,5,2019-01-01,2019-01-01
451,CEN 105400,1A889LC0O,2010-01-01,Disponível,5,2019-01-01,2019-01-01
452,CEN 105410,1A889L572,2010-01-01,Disponível,5,2019-01-01,2019-01-01
453,CEN 105413,1A884008A,2010-01-01,Disponível,5,2019-01-01,2019-01-01
454,CEN 105418,1A889ZY4A,2010-01-01,Disponível,5,2019-01-01,2019-01-01
455,CEN 105431,1A883WW0Z,2010-01-01,Disponível,5,2019-01-01,2019-01-01
456,CEN 105445,1A883SZ2Q,2010-01-01,Disponível,5,2019-01-01,2019-01-01
457,CEN 105450,1A883SB1L,2010-01-01,Disponível,5,2019-01-01,2019-01-01
458,CEN 105454,1A883S15B,2010-01-01,Disponível,5,2019-01-01,2019-01-01
459,CEN 105465,1A883SR22,2010-01-01,Disponível,5,2019-01-01,2019-01-01
460,CEN 105466,1A883T17S,2010-01-01,Disponível,5,2019-01-01,2019-01-01
461,CEN 105467,1A883SW1C,2010-01-01,Disponível,5,2019-01-01,2019-01-01
462,CEN 105468,1A883TK1J,2010-01-01,Disponível,5,2019-01-01,2019-01-01
463,CEN 105471,1A883SS94,2010-01-01,Disponível,5,2019-01-01,2019-01-01
464,CEN 105475,1A883S56S,2010-01-01,Disponível,5,2019-01-01,2019-01-01
465,CEN 105478,1A883S058,2010-01-01,Disponível,5,2019-01-01,2019-01-01
466,CEN 105487,1A883T035,2010-01-01,Disponível,5,2019-01-01,2019-01-01
467,CEN 105503,1A883S88B,2010-01-01,Disponível,5,2019-01-01,2019-01-01
468,CEN 105513,1A883S773,2010-01-01,Disponível,5,2019-01-01,2019-01-01
469,CEN 105521,1A883RZ3O,2010-01-01,Disponível,5,2019-01-01,2019-01-01
470,CEN 105530,1A883S07I,2010-01-01,Disponível,5,2019-01-01,2019-01-01
471,CEN 105535,1A883S92K,2010-01-01,Disponível,5,2019-01-01,2019-01-01
472,CEN 105565,1A889KD8O,2010-01-01,Disponível,5,2019-01-01,2019-01-01
473,CEN 105568,1A889KL5X,2010-01-01,Disponível,5,2019-01-01,2019-01-01
474,CEN 105597,1A883T280,2010-01-01,Disponível,5,2019-01-01,2019-01-01
475,CEN 105287,1A889LD4B,2010-01-01,Disponível,5,2019-01-01,2019-01-01
476,CEN 105310,1A889LB0L,2010-01-01,Disponível,5,2019-01-01,2019-01-01
477,CEN 105274,1A883S84R,2010-01-01,Disponível,5,2019-01-01,2019-01-01
478,CEN 105276,1A889LF27,2010-01-01,Disponível,5,2019-01-01,2019-01-01
479,CEN 105279,1A889KP9T,2010-01-01,Disponível,5,2019-01-01,2019-01-01
480,CEN 105281,1A889K84P,2010-01-01,Disponível,5,2019-01-01,2019-01-01
481,CEN 105283,1A889KD1P,2010-01-01,Disponível,5,2019-01-01,2019-01-01
482,CEN 105284,1A889LD90,2010-01-01,Disponível,5,2019-01-01,2019-01-01
483,CEN 105285,1A889LK0C,2010-01-01,Disponível,5,2019-01-01,2019-01-01
484,CEN 105286,1A889K39Z,2010-01-01,Disponível,5,2019-01-01,2019-01-01
485,CEN 105288,1A889L660,2010-01-01,Disponível,5,2019-01-01,2019-01-01
486,CEN 105290,1A889KX3N,2010-01-01,Disponível,5,2019-01-01,2019-01-01
487,CEN 105291,1A889KH95,2010-01-01,Disponível,5,2019-01-01,2019-01-01
488,CEN 105293,1A889LM0I,2010-01-01,Disponível,5,2019-01-01,2019-01-01
489,CEN 105295,1A891G34Y,2010-01-01,Disponível,5,2019-01-01,2019-01-01
490,CEN 105297,1A891G62X,2010-01-01,Disponível,5,2019-01-01,2019-01-01
491,CEN 105300,1A891HG7N,2010-01-01,Disponível,5,2019-01-01,2019-01-01
492,CEN 105301,1A891HG8S,2010-01-01,Disponível,5,2019-01-01,2019-01-01
493,CEN 105303,1A891HG2Y,2010-01-01,Disponível,5,2019-01-01,2019-01-01
494,CEN 105304,1A891HF8P,2010-01-01,Disponível,5,2019-01-01,2019-01-01
495,CEN 105305,1A889L27T,2010-01-01,Disponível,5,2019-01-01,2019-01-01
496,CEN 105306,1A889L24E,2010-01-01,Disponível,5,2019-01-01,2019-01-01
497,CEN 105307,1A889L121 ,2010-01-01,Disponível,5,2019-01-01,2019-01-01
498,CEN 105309,1A889L06I,2010-01-01,Disponível,5,2019-01-01,2019-01-01
499,CEN 105312,1A889L45P,2010-01-01,Disponível,5,2019-01-01,2019-01-01
500,CEN 105314,1A889KR35,2010-01-01,Disponível,5,2019-01-01,2019-01-01
501,CEN 105315,1A883X53C,2010-01-01,Disponível,5,2019-01-01,2019-01-01
502,CEN 105316,1A883XH4H,2010-01-01,Disponível,5,2019-01-01,2019-01-01
503,CEN 105317,1A883WZ77,2010-01-01,Disponível,5,2019-01-01,2019-01-01
504,CEN 105318,1A883XK75,2010-01-01,Disponível,5,2019-01-01,2019-01-01
505,CEN 105320,1A883XK9F,2010-01-01,Disponível,5,2019-01-01,2019-01-01
506,CEN 105321,1A883XL09,2010-01-01,Disponível,5,2019-01-01,2019-01-01
507,CEN 105322,1A883WZ9H,2010-01-01,Disponível,5,2019-01-01,2019-01-01
508,CEN 105323,1A883X527,2010-01-01,Disponível,5,2019-01-01,2019-01-01
509,CEN 105325,1A889L293,2010-01-01,Disponível,5,2019-01-01,2019-01-01
510,CEN 105327,1A889L25J,2010-01-01,Disponível,5,2019-01-01,2019-01-01
511,CEN 105331,1A889KC0H,2010-01-01,Disponível,5,2019-01-01,2019-01-01
512,CEN 105333,1A889L46U,2010-01-01,Disponível,5,2019-01-01,2019-01-01
513,CEN 105334,1A889LD1W,2010-01-01,Disponível,5,2019-01-01,2019-01-01
514,CEN 105335,1A889CD2A,2010-01-01,Disponível,5,2019-01-01,2019-01-01
515,CEN 105337,1A889BC0Q,2010-01-01,Disponível,5,2019-01-01,2019-01-01
516,CEN 105340,1A889C23I,2010-01-01,Disponível,5,2019-01-01,2019-01-01
517,CEN 105341,1A889BB9W,2010-01-01,Disponível,5,2019-01-01,2019-01-01
518,CEN 105342,1A889K07G,2010-01-01,Disponível,5,2019-01-01,2019-01-01
519,CEN 105343,1A889LG4K,2010-01-01,Disponível,5,2019-01-01,2019-01-01
520,CEN 105345,1A889LF0X,2010-01-01,Disponível,5,2019-01-01,2019-01-01
521,CEN 105351,1A889LL2P,2010-01-01,Disponível,5,2019-01-01,2019-01-01
522,CEN 105354,1A889C184,2010-01-01,Disponível,5,2019-01-01,2019-01-01
523,CEN 105356,1A889BN8R,2010-01-01,Disponível,5,2019-01-01,2019-01-01
524,CEN 105360,1A889BN9W,2010-01-01,Disponível,5,2019-01-01,2019-01-01
525,CEN 105362,1A889KK6Z,2010-01-01,Disponível,5,2019-01-01,2019-01-01
526,CEN 105363,1A889KM7A,2010-01-01,Disponível,5,2019-01-01,2019-01-01
527,CEN 105365,1A889K12U,2010-01-01,Disponível,5,2019-01-01,2019-01-01
528,CEN 105366,1A889L21Z,2010-01-01,Disponível,5,2019-01-01,2019-01-01
529,CEN 105367,1A889KL2I,2010-01-01,Disponível,5,2019-01-01,2019-01-01
530,CEN 105368,1A889L47Z,2010-01-01,Disponível,5,2019-01-01,2019-01-01
531,CEN 105370,1A889LC33,2010-01-01,Disponível,5,2019-01-01,2019-01-01
532,CEN 105371,1A889K47S,2010-01-01,Disponível,5,2019-01-01,2019-01-01
533,CEN 105374,1A889BF83,2010-01-01,Disponível,5,2019-01-01,2019-01-01
534,CEN 105376,1A889C360,2010-01-01,Disponível,5,2019-01-01,2019-01-01
535,CEN 105379,1A8899V7W,2010-01-01,Disponível,5,2019-01-01,2019-01-01
536,CEN 105380,1A889B07P,2010-01-01,Disponível,5,2019-01-01,2019-01-01
537,CEN 105381,1A889C845,2010-01-01,Disponível,5,2019-01-01,2019-01-01
538,CEN 105386,1A889K159,2010-01-01,Disponível,5,2019-01-01,2019-01-01
539,CEN 105388,1A889LC1T,2010-01-01,Disponível,5,2019-01-01,2019-01-01
540,CEN 105390,1A889KN68,2010-01-01,Disponível,5,2019-01-01,2019-01-01
541,CEN 105391,1A889L778,2010-01-01,Disponível,5,2019-01-01,2019-01-01
542,CEN 105393,1A889LJ4T,2010-01-01,Disponível,5,2019-01-01,2019-01-01
543,CEN 105394,1A889L54N,2010-01-01,Disponível,5,2019-01-01,2019-01-01
544,CEN 105395,1A889L73O,2010-01-01,Disponível,5,2019-01-01,2019-01-01
545,CEN 105396,1A889L59C,2010-01-01,Disponível,5,2019-01-01,2019-01-01
546,CEN 105397,1A889L75Y,2010-01-01,Disponível,5,2019-01-01,2019-01-01
547,CEN 105398,1A889K36K,2010-01-01,Disponível,5,2019-01-01,2019-01-01
548,CEN 105401,1A889K580,2010-01-01,Disponível,5,2019-01-01,2019-01-01
549,CEN 105404,1A889L10R,2010-01-01,Disponível,5,2019-01-01,2019-01-01
550,CEN 105405,1A889KH0W,2010-01-01,Disponível,5,2019-01-01,2019-01-01
551,CEN 105407,1A889K320,2010-01-01,Disponível,5,2019-01-01,2019-01-01
552,CEN 105409,1A889K889,2010-01-01,Disponível,5,2019-01-01,2019-01-01
553,CEN 105411,1A889LF5M,2010-01-01,Disponível,5,2019-01-01,2019-01-01
554,CEN 105412,1A883ZD6T,2010-01-01,Disponível,5,2019-01-01,2019-01-01
555,CEN 105415,1A883YN8Q,2010-01-01,Disponível,5,2019-01-01,2019-01-01
556,CEN 105416,1A883Z41D,2010-01-01,Disponível,5,2019-01-01,2019-01-01
557,CEN 105417,1A884004Q,2010-01-01,Disponível,5,2019-01-01,2019-01-01
558,CEN 105420,1A883YN9V,2010-01-01,Disponível,5,2019-01-01,2019-01-01
559,CEN 105421,1A883ZY1V,2010-01-01,Disponível,5,2019-01-01,2019-01-01
560,CEN 105422,1A883X10L,2010-01-01,Disponível,5,2019-01-01,2019-01-01
561,CEN 105426,1A883X12V,2010-01-01,Disponível,5,2019-01-01,2019-01-01
562,CEN 105427,1A883WX2C,2010-01-01,Disponível,5,2019-01-01,2019-01-01
563,CEN 105429,1A883WW5O,2010-01-01,Disponível,5,2019-01-01,2019-01-01
564,CEN 105433,1A883SJ3J,2010-01-01,Disponível,5,2019-01-01,2019-01-01
565,CEN 105434,1A883SP31,2010-01-01,Disponível,5,2019-01-01,2019-01-01
566,CEN 105438,1A883SQ7O,2010-01-01,Disponível,5,2019-01-01,2019-01-01
567,CEN 105439,1A883SX0A,2010-01-01,Disponível,5,2019-01-01,2019-01-01
568,CEN 105441,1A883ST13,2010-01-01,Disponível,5,2019-01-01,2019-01-01
569,CEN 105442,1A883S94U,2010-01-01,Disponível,5,2019-01-01,2019-01-01
570,CEN 105444,1A883T07P,2010-01-01,Disponível,5,2019-01-01,2019-01-01
571,CEN 105447,1A883T09Z,2010-01-01,Disponível,5,2019-01-01,2019-01-01
572,CEN 105451,1A883TH2F,2010-01-01,Disponível,5,2019-01-01,2019-01-01
573,CEN 105452,1A883S17L,2010-01-01,Disponível,5,2019-01-01,2019-01-01
574,CEN 105453,1A883T96B,2010-01-01,Disponível,5,2019-01-01,2019-01-01
575,CEN 105455,1A883S979,2010-01-01,Disponível,5,2019-01-01,2019-01-01
576,CEN 105456,1A883SB0G,2010-01-01,Disponível,5,2019-01-01,2019-01-01
577,CEN 105457,1A883S146,2010-01-01,Disponível,5,2019-01-01,2019-01-01
578,CEN 105458,1A883JR3M,2010-01-01,Disponível,5,2019-01-01,2019-01-01
579,CEN 105459,1A883T91M,2010-01-01,Disponível,5,2019-01-01,2019-01-01
580,CEN 105460,1A883S21U,2010-01-01,Disponível,5,2019-01-01,2019-01-01
581,CEN 105462,1A883SS25,2010-01-01,Disponível,5,2019-01-01,2019-01-01
582,CEN 105463,1A883T192,2010-01-01,Disponível,5,2019-01-01,2019-01-01
583,CEN 105464,1A883SR4C,2010-01-01,Disponível,5,2019-01-01,2019-01-01
584,CEN 105470,1A883T70B,2010-01-01,Disponível,5,2019-01-01,2019-01-01
585,CEN 105472,1A883T30Z,2010-01-01,Disponível,5,2019-01-01,2019-01-01
586,CEN 105473,1A885JR2H,2010-01-01,Disponível,5,2019-01-01,2019-01-01
587,CEN 105474,1A883S234,2010-01-01,Disponível,5,2019-01-01,2019-01-01
588,CEN 105476,1A883S043,2010-01-01,Disponível,5,2019-01-01,2019-01-01
589,CEN 105477,1A883S54I,2010-01-01,Disponível,5,2019-01-01,2019-01-01
590,CEN 105480,1A883T295,2010-01-01,Disponível,5,2019-01-01,2019-01-01
591,CEN 105482,1A883S46P,2010-01-01,Disponível,5,2019-01-01,2019-01-01
592,CEN 105483,1A883SV04,2010-01-01,Disponível,5,2019-01-01,2019-01-01
593,CEN 105484,1A883T00Q,2010-01-01,Disponível,5,2019-01-01,2019-01-01
594,CEN 105485,1A883S09S,2010-01-01,Disponível,5,2019-01-01,2019-01-01
595,CEN 105486,1A883SZ9P,2010-01-01,Disponível,5,2019-01-01,2019-01-01
596,CEN 105489,1A883S25E,2010-01-01,Disponível,5,2019-01-01,2019-01-01
597,CEN 105490,1A883ST7X,2010-01-01,Disponível,5,2019-01-01,2019-01-01
598,CEN 105491,1A883S48Z,2010-01-01,Disponível,5,2019-01-01,2019-01-01
599,CEN 105492,1A883SR91,2010-01-01,Disponível,5,2019-01-01,2019-01-01
600,CEN 105493,1A883SX2K,2010-01-01,Disponível,5,2019-01-01,2019-01-01
601,CEN 105494,1A883TJ9K,2010-01-01,Disponível,5,2019-01-01,2019-01-01
602,CEN 105495,1A883SS0V,2010-01-01,Disponível,5,2019-01-01,2019-01-01
603,CEN 105496,1A883SR8W,2010-01-01,Disponível,5,2019-01-01,2019-01-01
604,CEN 105497,1A883S82H,2010-01-01,Disponível,5,2019-01-01,2019-01-01
605,CEN 105498,1A883TH3K,2010-01-01,Disponível,5,2019-01-01,2019-01-01
606,CEN 105500,1A883SV9D,2010-01-01,Disponível,5,2019-01-01,2019-01-01
607,CEN 105501,1A883S90A,2010-01-01,Disponível,5,2019-01-01,2019-01-01
608,CEN 105502,1A883SW9G,2010-01-01,Disponível,5,2019-01-01,2019-01-01
609,CEN 105504,1A883S64L,2010-01-01,Disponível,5,2019-01-01,2019-01-01
610,CEN 105506,1A883S685,2010-01-01,Disponível,5,2019-01-01,2019-01-01
611,CEN 105508,1A883S50Y,2010-01-01,Disponível,5,2019-01-01,2019-01-01
612,CEN 105509,1A883S66V,2010-01-01,Disponível,5,2019-01-01,2019-01-01
613,CEN 105511,1A883SS7U,2010-01-01,Disponível,5,2019-01-01,2019-01-01
614,CEN 105512,1A883SQ6J,2010-01-01,Disponível,5,2019-01-01,2019-01-01
615,CEN 105517,1A883T211,2010-01-01,Disponível,5,2019-01-01,2019-01-01
616,CEN 105519,1A883SS6P,2010-01-01,Disponível,5,2019-01-01,2019-01-01
617,CEN 105523,1A883RY4Q,2010-01-01,Disponível,5,2019-01-01,2019-01-01
618,CEN 105526,1A883T956,2010-01-01,Disponível,5,2019-01-01,2019-01-01
619,CEN 105527,1A883T417,2010-01-01,Disponível,5,2019-01-01,2019-01-01
620,CEN 105529,1A885JR61,2010-01-01,Disponível,5,2019-01-01,2019-01-01
621,CEN 105532,1A883T93W,2010-01-01,Disponível,5,2019-01-01,2019-01-01
622,CEN 105533,1A883T27V,2010-01-01,Disponível,5,2019-01-01,2019-01-01
623,CEN 105534,1A883SY52,2010-01-01,Disponível,5,2019-01-01,2019-01-01
624,CEN 105536,1A883S91F,2010-01-01,Disponível,5,2019-01-01,2019-01-01
625,CEN 105538,1A883RZ2J,2010-01-01,Disponível,5,2019-01-01,2019-01-01
626,CEN 105539,1A883S582,2010-01-01,Disponível,5,2019-01-01,2019-01-01
627,CEN 105540,1A889KB9N,2010-01-01,Disponível,5,2019-01-01,2019-01-01
628,CEN 105543,1A889K37P,2010-01-01,Disponível,5,2019-01-01,2019-01-01
629,CEN 105544,1A889KD6E,2010-01-01,Disponível,5,2019-01-01,2019-01-01
630,CEN 105546,1A889K44D,2010-01-01,Disponível,5,2019-01-01,2019-01-01
631,CEN 105547,1A889L675,2010-01-01,Disponível,5,2019-01-01,2019-01-01
632,CEN 105548,1A889K89E,2010-01-01,Disponível,5,2019-01-01,2019-01-01
633,CEN 105549,1A8921N62,2010-01-01,Disponível,5,2019-01-01,2019-01-01
634,CEN 105550,1A883T26Q,2010-01-01,Disponível,5,2019-01-01,2019-01-01
635,CEN 105551,1A883S616,2010-01-01,Disponível,5,2019-01-01,2019-01-01
636,CEN 105556,1A883T88I,2010-01-01,Disponível,5,2019-01-01,2019-01-01
637,CEN 105557,1A883S55N,2010-01-01,Disponível,5,2019-01-01,2019-01-01
638,CEN 105558,1A883S964,2010-01-01,Disponível,5,2019-01-01,2019-01-01
639,CEN 105559,1A883TH5U,2010-01-01,Disponível,5,2019-01-01,2019-01-01
640,CEN 105560,1A889KF20,2010-01-01,Disponível,5,2019-01-01,2019-01-01
641,CEN 105561,1A889KQ8R,2010-01-01,Disponível,5,2019-01-01,2019-01-01
642,CEN 105563,1A889LL1K,2010-01-01,Disponível,5,2019-01-01,2019-01-01
643,CEN 105564,1A889KG4D,2010-01-01,Disponível,5,2019-01-01,2019-01-01
644,CEN 105566,1A889KY9K,2010-01-01,Disponível,5,2019-01-01,2019-01-01
645,CEN 105567,1A889K874,2010-01-01,Disponível,5,2019-01-01,2019-01-01
646,CEN 105572,1A889KY4V,2010-01-01,Disponível,5,2019-01-01,2019-01-01
647,CEN 105574,1A889L033,2010-01-01,Disponível,5,2019-01-01,2019-01-01
648,CEN 105576,1A889L606,2010-01-01,Disponível,5,2019-01-01,2019-01-01
649,CEN 105578,1A889KL4S,2010-01-01,Disponível,5,2019-01-01,2019-01-01
650,CEN 105581,1A883XK4Q,2010-01-01,Disponível,5,2019-01-01,2019-01-01
651,CEN 105582,1A883XH0X,2010-01-01,Disponível,5,2019-01-01,2019-01-01
652,CEN 105583,1A883X45J,2010-01-01,Disponível,5,2019-01-01,2019-01-01
653,CEN 105584,1A883XJ72,2010-01-01,Disponível,5,2019-01-01,2019-01-01
654,CEN 105585,1A883WX4M,2010-01-01,Disponível,5,2019-01-01,2019-01-01
655,CEN 105586,1A883XK3L,2010-01-01,Disponível,5,2019-01-01,2019-01-01
656,CEN 105588,1A883XH27,2010-01-01,Disponível,5,2019-01-01,2019-01-01
657,CEN 105591,1A883SY4X,2010-01-01,Disponível,5,2019-01-01,2019-01-01
658,CEN 105592,1A883S31X,2010-01-01,Disponível,5,2019-01-01,2019-01-01
659,CEN 105598,1A883S30S,2010-01-01,Disponível,5,2019-01-01,2019-01-01
660,CEN 105599,1A883SW8B,2010-01-01,Disponível,5,2019-01-01,2019-01-01
661,CEN 105600,1A883YC5E,2010-01-01,Disponível,5,2019-01-01,2019-01-01
662,CEN 105601,1A883Y01U,2010-01-01,Disponível,5,2019-01-01,2019-01-01
663,CEN 105602,1A883Y034,2010-01-01,Disponível,5,2019-01-01,2019-01-01
664,CEN 105603,1A883WY9E,2010-01-01,Disponível,5,2019-01-01,2019-01-01
665,CEN 105604,1A883WY74,2010-01-01,Disponível,5,2019-01-01,2019-01-01
666,CEN 105606,1A883XL63,2010-01-01,Disponível,5,2019-01-01,2019-01-01
667,CEN 105607,1A883Y573,2010-01-01,Disponível,5,2019-01-01,2019-01-01
668,CEN 105608,1A883Y55T,2010-01-01,Disponível,5,2019-01-01,2019-01-01
669,CEN 105609,1A883X233,2010-01-01,Disponível,5,2019-01-01,2019-01-01
670,CEN 105610,1A883XG6O,2010-01-01,Disponível,5,2019-01-01,2019-01-01
671,CEN 105613,1A883X44E,2010-01-01,Disponível,5,2019-01-01,2019-01-01
672,CEN 105614,1A883X38V,2010-01-01,Disponível,5,2019-01-01,2019-01-01
673,CEN 105615,1A883XK60,2010-01-01,Disponível,5,2019-01-01,2019-01-01
674,CEN 105616,1A883XK5V,2010-01-01,Disponível,5,2019-01-01,2019-01-01
675,CEN 105618,1A883XK8A,2010-01-01,Disponível,5,2019-01-01,2019-01-01
676,CEN 105619,1A883X46O,2010-01-01,Disponível,5,2019-01-01,2019-01-01
677,CEN 107788,1A950MM5D,2010-01-01,Disponível,5,2019-01-01,2019-01-01
678,CEN 107849,1A948YQ6Q,2010-01-01,Disponível,5,2019-01-01,2019-01-01
679,CEN 107850,1A950LX3T,2010-01-01,Disponível,5,2019-01-01,2019-01-01
680,CEN 105349,1A889KW4P,2010-01-01,Disponível,5,2019-01-01,2019-01-01
681,CEN 105552,1A883T314,2010-01-01,Disponível,5,2019-01-01,2019-01-01
682,CEN 105448,1A883T11Y,2010-01-01,Disponível,5,2019-01-01,2019-01-01
683,CEN 105570,1A889LK8G,2010-01-01,Disponível,5,2019-01-01,2019-01-01
684,CEN 105271,1A883SV73,2010-01-01,Disponível,5,2019-01-01,2019-01-01
685,CEN 105278,1A889KZ4Y,2010-01-01,Disponível,5,2019-01-01,2019-01-01
686,CEN 105326,1A889LB6F,2010-01-01,Disponível,5,2019-01-01,2019-01-01
687,CEN 105348,1A889K75R,2010-01-01,Disponível,5,2019-01-01,2019-01-01
688,CEN 105357,1A889BP8X,2010-01-01,Disponível,5,2019-01-01,2019-01-01
689,CEN 105372,1A8899Z4T,2010-01-01,Disponível,5,2019-01-01,2019-01-01
690,CEN 105383,1A889LB1Q,2010-01-01,Disponível,5,2019-01-01,2019-01-01
691,CEN 105385,1A889LD7Q,2010-01-01,Disponível,5,2019-01-01,2019-01-01
692,CEN 105402,1A889KQ9W,2010-01-01,Disponível,5,2019-01-01,2019-01-01
693,CEN 105408,1A889KY3Q,2010-01-01,Disponível,5,2019-01-01,2019-01-01
694,CEN 105428,1A883X130,2010-01-01,Disponível,5,2019-01-01,2019-01-01
695,CEN 105432,1A883S38W,2010-01-01,Disponível,5,2019-01-01,2019-01-01
696,CEN 105514,1A883RZ9I,2010-01-01,Disponível,5,2019-01-01,2019-01-01
697,CEN 105319,1A883X50X,2010-01-01,Disponível,5,2019-01-01,2019-01-01
698,CEN 105324,1A883WZ8C,2010-01-01,Disponível,5,2019-01-01,2019-01-01
699,CEN 105346,1A889KB1J,2010-01-01,Disponível,5,2019-01-01,2019-01-01
700,CEN 105389,1A889KN1J,2010-01-01,Disponível,5,2019-01-01,2019-01-01
701,CEN 105488,1A883SX3P,2010-01-01,Disponível,5,2019-01-01,2019-01-01
702,CEN 105571,1A889KX1D,2010-01-01,Disponível,5,2019-01-01,2019-01-01
